BOWLER_NAME,MATCH_PLAYED,WICKET_TAKEN,ECONOMY_RATE,BOWLING_AVG,TOTAL_RUNS_GIVEN,OVERS_BOWLED,BALLS_BOWLED,WIDES,NO_BALLS,FOURS,SIXES
"A Ashish Reddy",20,19,8.89,21.05,400,45,270,6,2,26,20
"A Chandila",12,11,6.28,22.27,245,39,234,0,0,17,10
"A Choudhary",5,5,8.00,28.80,144,18,108,6,1,13,6
"A Dananjaya",1,0,11.28,NULL,47,4,25,1,0,2,4
"A Flintoff",3,2,9.64,53.00,106,11,66,0,0,7,7
"A Kumble",42,49,6.65,22.22,1089,164,983,13,5,72,35
"A Mishra",150,169,7.26,23.15,3913,539,3233,51,21,222,172
"A Mithun",16,8,9.17,59.63,477,52,312,15,9,42,21
"A Nehra",88,121,7.71,20.97,2537,329,1974,56,9,279,76
"A Nel",1,1,10.33,31.00,31,3,18,0,0,3,2
"A Nortje",16,23,8.44,23.00,529,63,376,10,0,55,22
"A Singh",23,31,7.89,20.61,639,81,486,12,1,67,17
"A Symonds",30,23,7.71,30.17,694,90,540,12,1,44,33
"A Uniyal",2,3,10.58,22.33,67,6,38,2,0,6,3
"A Zampa",14,21,7.66,17.76,373,49,292,5,0,15,20
"AA Chavan",13,8,7.98,42.38,339,43,255,7,0,28,16
"AA Jhunjhunwala",10,1,8.86,130.00,130,15,88,3,0,10,5
"AA Kazi",1,1,9.69,21.00,21,2,13,1,0,1,1
"AA Noffke",1,1,9.84,41.00,41,4,25,1,0,2,2
"AB Agarkar",42,33,8.59,35.58,1174,137,820,36,2,113,41
"AB Dinda",75,82,7.94,25.65,2103,265,1589,58,14,232,58
"AB McDonald",10,14,8.39,18.79,263,31,188,2,0,20,11
"Abdul Samad",3,1,13.40,96.00,96,7,43,1,0,4,8
"Abdur Razzak",1,0,12.43,NULL,29,2,14,1,1,3,1
"Abhishek Sharma",8,3,9.16,37.67,113,12,74,1,1,4,6
"AC Gilchrist",1,1,0.00,0.00,0,0,1,0,0,0,0
"AC Thomas",15,16,7.63,26.00,416,55,327,10,2,41,11
"AC Voges",7,1,8.14,76.00,76,9,56,2,0,8,2
"AD Mascarenhas",13,19,7.06,19.21,365,52,310,2,0,34,8
"AD Mathews",44,28,8.14,39.11,1095,135,807,15,1,98,29
"AD Russell",68,67,8.82,26.01,1743,198,1186,33,6,170,69
"AF Milne",5,5,9.65,37.00,185,19,115,7,0,21,5
"AG Murtaza",12,12,7.18,26.83,322,45,269,5,0,22,14
"AJ Finch",5,1,9.14,67.00,67,7,44,1,0,4,4
"AJ Tye",27,45,8.30,19.82,892,108,645,24,2,77,29
"AL Menaria",12,3,7.65,48.00,144,19,113,3,0,15,4
"AM Nayar",19,9,8.11,35.89,323,40,239,10,0,22,13
"AM Rahane",1,1,5.00,5.00,5,1,6,0,0,0,0
"AM Salvi",7,7,7.88,29.29,205,26,156,6,0,18,7
"AN Ahmed",17,15,8.54,34.33,515,60,362,13,5,43,20
"Anand Rajan",8,10,7.63,20.60,206,27,162,12,1,17,8
"Ankit Sharma",21,12,7.25,37.75,453,63,375,8,0,28,18
"Ankit Soni",6,4,7.77,36.25,145,19,112,3,0,8,7
"Anureet Singh",22,21,8.87,30.29,636,72,430,12,6,65,22
"AP Dole",3,5,9.37,22.80,114,12,73,6,1,11,4
"AR Patel",96,87,7.31,28.76,2502,342,2053,34,0,158,96
"Arshdeep Singh",11,14,9.04,24.00,336,37,223,13,1,34,11
"AS Joseph",3,6,9.71,14.83,89,9,55,3,0,10,5
"AS Rajpoot",29,24,8.93,35.17,844,95,567,28,9,89,31
"AS Raut",5,0,9.00,NULL,45,5,30,0,0,4,1
"AS Roy",1,1,4.40,11.00,11,3,15,3,0,0,0
"AUK Pathan",3,0,9.22,NULL,63,7,41,2,0,5,2
"Avesh Khan",9,5,9.76,60.20,301,31,185,4,1,28,19
"Azhar Mahmood",23,31,7.68,22.81,707,92,552,10,5,73,18
"B Akhil",13,7,7.65,35.14,246,32,193,4,1,18,9
"B Chipli",1,0,20.00,NULL,20,1,6,0,0,1,2
"B Geeves",2,2,11.14,45.50,91,8,49,1,0,17,1
"B Kumar",121,146,7.15,22.83,3333,466,2795,89,9,336,88
"B Laughlin",9,10,9.52,28.40,284,30,179,10,1,26,10
"B Lee",38,30,7.38,37.53,1126,153,916,28,13,123,25
"B Stanlake",6,7,8.00,28.57,200,25,150,6,0,19,9
"BA Bhatt",15,13,8.08,31.38,408,51,303,6,1,35,13
"BA Stokes",36,31,8.38,32.03,993,119,711,30,4,96,31
"Basil Thampi",20,21,9.67,33.52,704,73,437,11,1,64,31
"BAW Mendis",10,9,7.08,32.00,288,41,244,3,1,16,10
"BB Sran",24,20,8.92,38.35,767,86,516,30,3,73,29
"BCJ Cutting",17,12,8.96,35.83,430,48,288,7,0,44,15
"BE Hendricks",7,11,9.13,21.73,239,26,157,6,1,24,7
"Bipul Sharma",28,22,8.00,26.41,581,73,436,10,0,28,31
"BJ Hodge",20,18,7.82,17.22,310,40,238,4,0,17,14
"BJ Rohrer",1,0,10.29,NULL,12,1,7,1,0,2,0
"BMAJ Mendis",2,1,7.20,36.00,36,5,30,0,0,2,2
"BW Hilfenhaus",17,23,7.65,21.61,497,65,390,15,3,48,21
"C de Grandhomme",19,7,8.43,46.14,323,38,230,12,2,22,13
"C Ganapathy",1,0,13.00,NULL,13,1,6,0,0,1,1
"C Munro",2,0,7.50,NULL,15,2,12,0,0,1,1
"C Nanda",3,2,6.96,29.00,58,8,50,2,0,1,2
"CH Gayle",38,19,7.76,39.74,755,97,584,27,3,49,27
"CH Morris",70,88,7.70,22.34,1966,255,1532,54,4,185,63
"CJ Anderson",22,14,10.00,37.50,525,53,315,18,0,52,23
"CJ Dala",1,0,10.74,NULL,34,3,19,1,0,3,2
"CJ Green",1,0,8.47,NULL,24,3,17,0,0,4,0
"CJ Jordan",20,25,8.96,24.80,620,69,415,25,3,51,24
"CJ McKay",2,1,8.57,60.00,60,7,42,0,0,8,1
"CK Kapugedera",3,0,17.29,NULL,49,3,17,0,0,5,3
"CK Langeveldt",7,13,7.24,15.31,199,28,165,8,1,17,8
"CL White",6,1,11.22,86.00,86,8,46,4,0,5,6
"CR Brathwaite",16,16,8.66,24.00,384,44,266,9,3,37,12
"CR Woakes",18,26,8.92,22.65,589,66,396,22,0,58,25
"CRD Fernando",10,19,7.37,16.11,306,42,249,11,4,30,9
"CV Varun",14,18,7.11,21.78,392,55,331,1,0,30,12
"D du Preez",2,4,7.81,14.00,56,7,43,0,1,6,1
"D Kalyankrishna",3,2,10.56,44.00,88,8,50,2,0,8,4
"D Salunkhe",5,1,9.41,80.00,80,9,51,3,1,6,3
"D Wiese",14,17,8.49,24.06,409,48,289,10,1,44,9
"DA Warner",1,0,6.00,NULL,2,0,2,1,0,0,0
"DAJ Bracewell",1,3,7.68,10.67,32,4,25,1,0,2,2
"DB Ravi Teja",2,1,9.33,28.00,28,3,18,0,0,1,2
"DE Bollinger",27,43,7.16,16.65,716,100,600,22,2,73,19
"DJ Bravo",137,175,8.16,22.11,3869,474,2846,128,6,305,138
"DJ Harris",2,0,8.67,NULL,26,3,18,0,0,2,1
"DJ Hooda",21,7,8.18,46.57,326,40,239,10,0,22,13
"DJ Hussey",26,10,9.01,48.50,485,54,323,6,0,30,25
"DJ Muthuswami",6,4,7.71,27.00,108,14,84,0,0,14,3
"DJ Thornely",4,3,5.45,13.33,40,7,44,2,0,5,0
"DJ Willey",3,2,9.44,48.00,96,10,61,1,0,12,3
"DJG Sammy",19,14,8.70,25.29,354,41,244,6,2,33,12
"DJM Short",2,1,7.67,23.00,23,3,18,0,0,1,1
"DL Chahar",48,45,7.38,28.58,1286,174,1046,41,5,150,30
"DL Vettori",34,34,6.83,26.29,894,131,785,8,0,67,24
"DNT Zoysa",3,2,8.70,50.00,100,12,69,1,2,12,3
"DP Nannes",29,38,7.10,21.45,815,115,689,39,4,89,15
"DP Vijaykumar",9,4,7.74,51.25,205,27,159,5,2,23,5
"DR Sams",3,0,8.88,NULL,114,13,77,4,1,9,5
"DR Smith",46,27,8.89,30.56,825,93,557,14,4,75,33
"DS Kulkarni",91,91,7.99,27.09,2465,308,1850,80,7,269,77
"DT Christian",40,36,7.79,29.50,1062,136,818,32,3,88,34
"DW Steyn",95,105,6.77,24.46,2568,379,2276,93,7,283,54
"F du Plessis",1,0,16.00,NULL,16,1,6,0,0,0,2
"FH Edwards",6,6,6.40,26.67,160,25,150,9,1,20,2
"FY Fazal",2,1,10.00,20.00,20,2,12,0,0,1,1
"Gagandeep Singh",4,3,10.14,47.33,142,14,84,0,0,14,6
"GB Hogg",21,25,7.53,23.40,585,78,466,7,1,40,21
"GC Viljoen",6,8,9.41,28.63,229,24,146,8,0,25,6
"GD McGrath",14,14,6.67,26.14,366,55,329,4,1,41,10
"GH Vihari",6,1,6.70,48.00,48,7,43,1,0,5,1
"GJ Maxwell",50,20,8.45,39.30,786,93,558,12,0,48,41
"GR Napier",1,1,7.00,28.00,28,4,24,0,0,2,1
"GS Sandhu",2,1,10.75,86.00,86,8,48,0,0,8,2
"Gurkeerat Singh",6,5,7.10,19.40,97,14,82,4,0,6,3
"Harbhajan Singh",157,161,7.02,25.08,4038,575,3451,74,3,289,142
"Harmeet Singh",27,30,7.79,23.77,713,92,549,20,4,66,20
"Harmeet Singh (2)",1,1,8.16,34.00,34,4,25,1,0,3,2
"Harpreet Brar",3,0,9.71,NULL,89,9,55,1,0,8,4
"HF Gurney",8,7,8.49,34.14,239,28,169,6,1,23,7
"HH Pandya",60,45,8.80,29.78,1340,152,914,42,3,115,59
"HV Patel",46,50,8.57,27.60,1380,161,966,37,3,126,51
"I Malhotra",1,0,23.00,NULL,23,1,6,0,0,2,2
"I Sharma",90,73,7.97,36.73,2681,336,2018,72,21,303,75
"I Udana",10,8,9.43,35.75,286,30,182,8,0,26,11
"IC Pandey",24,19,7.79,32.05,609,78,469,5,2,77,17
"IK Pathan",101,99,7.70,27.38,2711,352,2113,69,1,293,82
"Imran Tahir",58,83,7.82,20.64,1713,219,1314,21,1,96,83
"Iqbal Abdulla",48,45,7.16,25.00,1125,157,943,23,0,88,37
"IS Sodhi",8,9,6.73,22.67,204,30,182,1,0,9,8
"J Botha",34,27,6.92,30.30,818,118,709,15,0,60,24
"J Suchith",14,12,8.60,33.08,397,46,277,7,0,31,16
"J Syed Mohammad",11,10,8.76,28.60,286,33,196,4,0,18,12
"J Theron",10,11,7.88,27.45,302,38,230,12,2,28,8
"J Yadav",14,6,6.49,48.33,290,45,268,2,2,19,9
"JA Morkel",87,96,8.00,25.09,2409,301,1807,71,13,264,56
"Jaskaran Singh",7,6,9.41,29.00,174,19,111,5,4,23,4
"JC Archer",35,47,7.05,21.45,1008,143,858,27,4,81,44
"JD Ryder",16,11,7.82,28.55,314,40,241,5,0,21,13
"JD Unadkat",79,88,8.71,27.81,2447,281,1685,40,1,203,108
"JDP Oram",14,13,8.90,27.85,362,41,244,6,1,34,14
"JDS Neesham",9,3,9.80,81.67,245,25,150,6,0,22,11
"JE Taylor",5,6,8.21,27.83,167,20,122,4,1,10,9
"JEC Franklin",15,9,8.71,25.00,225,26,155,2,2,21,6
"JH Kallis",89,74,7.83,31.73,2348,300,1799,48,9,236,58
"JJ Bumrah",92,119,7.38,22.31,2655,360,2159,45,22,232,79
"JJ van der Wath",3,3,10.58,44.67,134,13,76,2,2,17,6
"JL Pattinson",10,11,8.68,29.18,321,37,222,9,0,34,10
"JM Kemp",5,3,7.40,19.33,58,8,47,3,0,6,1
"JO Holder",18,23,8.20,24.00,552,67,404,17,3,53,16
"Joginder Sharma",15,13,9.29,32.38,421,45,272,9,7,38,17
"JP Behrendorff",5,5,8.62,33.60,168,20,117,3,0,19,8
"JP Duminy",49,23,7.25,36.83,847,117,701,23,0,53,33
"JP Faulkner",60,72,8.59,25.38,1827,213,1276,44,5,159,65
"JPR Scantlebury-Searles",3,2,11.87,44.50,89,8,45,3,0,4,7
"JR Hazlewood",3,1,7.08,72.00,72,10,61,1,0,10,0
"JR Hopes",20,14,9.14,40.14,562,62,369,9,0,44,28
"JW Hastings",3,3,6.49,22.00,66,10,61,2,1,11,0
"K Goel",6,0,8.42,NULL,94,11,67,1,0,9,2
"K Gowtham",24,14,8.35,41.14,576,69,414,6,0,52,22
"K Khejroliya",5,3,9.33,52.33,157,17,101,6,0,9,10
"K Rabada",35,66,8.11,17.21,1136,140,840,32,3,110,36
"K Santokie",2,3,10.71,30.33,91,9,51,3,0,6,6
"K Upadhyay",3,0,8.68,NULL,81,9,56,2,0,9,3
"KA Pollard",92,71,8.38,27.82,1975,236,1414,82,7,152,70
"KAJ Roach",2,0,9.23,NULL,80,9,52,3,1,10,3
"Kamran Khan",9,13,8.22,17.92,233,28,170,9,1,22,10
"Karanveer Singh",9,14,9.10,23.07,323,36,213,9,0,19,19
"Kartik Tyagi",10,10,9.26,37.20,372,40,241,11,1,28,21
"KC Cariappa",11,8,9.35,43.63,349,37,224,6,2,23,19
"KH Pandya",69,49,7.16,31.22,1530,214,1283,37,1,105,44
"KJ Abbott",5,2,10.71,91.00,182,17,102,5,1,24,4
"KK Ahmed",17,30,8.66,19.20,576,67,399,18,0,53,26
"KK Cooper",25,36,7.89,21.92,789,100,600,23,1,59,23
"KL Nagarkoti",9,5,8.74,46.60,233,27,160,4,0,15,11
"KM Asif",2,3,11.84,25.00,75,6,38,2,0,7,6
"KMA Paul",8,10,7.97,23.90,239,30,180,12,5,18,8
"KMDN Kulasekara",5,6,6.84,20.33,122,18,107,5,0,16,0
"KP Appanna",13,11,7.86,26.45,291,37,222,6,0,20,11
"KP Pietersen",13,9,7.27,24.22,218,30,180,6,0,10,9
"KS Williamson",2,0,10.33,NULL,31,3,18,0,0,1,2
"Kuldeep Yadav",43,43,8.22,29.09,1251,152,913,16,1,62,66
"KV Sharma",66,64,7.97,25.70,1645,207,1239,17,0,87,91
"KW Richardson",14,20,8.28,22.50,450,54,326,9,0,35,23
"L Ablish",3,5,10.13,15.20,76,8,45,3,0,11,1
"L Balaji",73,85,7.94,24.51,2083,262,1574,58,4,188,69
"L Ngidi",11,23,7.44,14.39,331,45,267,13,2,29,14
"LA Carseldine",1,1,5.14,6.00,6,1,7,1,0,1,0
"LE Plunkett",7,4,8.88,57.00,228,26,154,4,0,15,12
"LH Ferguson",14,14,8.15,30.86,432,53,318,18,1,45,14
"LJ Wright",6,2,10.00,62.50,125,13,75,4,0,5,9
"LMP Simmons",1,1,11.33,34.00,34,3,18,0,0,2,2
"LPC Silva",1,0,21.00,NULL,21,1,6,0,0,0,3
"LR Shukla",27,17,8.43,26.94,458,54,326,10,2,39,16
"LRPL Taylor",2,0,11.08,NULL,24,2,13,1,0,0,2
"LS Livingstone",1,0,13.00,NULL,13,1,6,0,0,0,2
"M Ashwin",31,25,7.67,31.84,796,104,623,16,1,60,29
"M de Lange",5,6,8.84,28.50,171,19,116,6,2,21,4
"M Kartik",55,39,7.20,36.36,1418,197,1182,28,5,97,41
"M Manhas",3,0,6.00,NULL,42,7,42,0,0,2,1
"M Markande",17,16,8.56,27.19,435,51,305,5,0,36,20
"M Morkel",70,88,7.54,24.27,2136,283,1699,57,13,230,61
"M Muralitharan",66,66,6.68,26.59,1755,263,1577,51,2,104,66
"M Ntini",9,8,7.24,32.13,257,36,213,1,2,29,8
"M Prasidh Krishna",24,20,9.00,40.50,810,90,540,19,5,97,24
"M Vijay",4,0,7.95,NULL,49,6,37,1,0,6,0
"MA Khote",2,2,10.40,26.00,52,5,30,0,0,4,2
"MA Starc",26,39,7.11,18.59,725,102,612,29,3,77,8
"MA Wood",1,0,12.00,NULL,50,4,25,1,0,6,2
"Mandeep Singh",2,0,13.00,NULL,26,2,12,0,0,1,2
"Mashrafe Mortaza",1,1,12.64,59.00,59,5,28,2,2,4,4
"MB Parmar",1,0,10.42,NULL,33,3,19,1,0,6,0
"MC Henriques",55,42,8.20,29.88,1255,153,918,27,1,120,37
"MF Maharoof",20,33,7.24,16.12,532,74,441,16,5,46,16
"MG Johnson",54,64,8.02,27.09,1734,216,1297,57,8,195,55
"MG Neser",1,0,14.88,NULL,62,4,25,0,1,6,4
"MJ Clarke",5,3,6.55,24.00,72,11,66,0,0,4,2
"MJ Henry",2,2,13.74,35.50,71,5,31,1,0,7,5
"MJ McClenaghan",56,75,8.20,24.52,1839,224,1346,63,9,181,72
"MJ Santner",6,6,6.78,24.50,147,22,130,3,1,13,3
"MK Lomror",2,0,9.00,NULL,27,3,18,0,0,3,0
"MK Tiwary",6,1,11.07,83.00,83,8,45,3,0,2,7
"MM Ali",17,14,7.02,22.07,309,44,264,5,0,18,15
"MM Patel",63,82,7.52,21.13,1733,230,1382,16,11,188,53
"MM Sharma",86,100,8.32,24.88,2488,299,1795,35,6,261,82
"MN Samuels",11,10,7.81,28.50,285,37,219,5,0,23,12
"Mohammad Asif",8,9,9.26,34.11,307,33,199,6,1,37,8
"Mohammad Hafeez",4,2,6.76,35.50,71,11,63,2,1,5,2
"Mohammad Nabi",14,11,6.69,30.09,331,50,297,2,0,21,13
"Mohammed Shami",63,74,8.76,27.77,2055,235,1408,50,4,209,74
"Mohammed Siraj",35,41,8.74,26.85,1101,126,756,37,3,97,54
"Monu Kumar",1,0,7.50,NULL,20,3,16,3,1,2,0
"MP Stoinis",37,29,9.28,29.97,869,94,562,17,0,74,37
"MR Marsh",19,20,7.72,21.30,426,55,331,10,2,40,14
"MS Gony",44,39,8.54,33.77,1317,154,925,32,5,135,53
"Mujeeb Ur Rahman",18,18,8.00,31.56,568,71,426,16,0,38,23
"Mustafizur Rahman",24,28,7.43,24.75,693,93,560,11,2,56,22
"N Rana",14,7,8.02,20.43,143,18,107,4,0,15,4
"NA Saini",26,19,8.13,41.84,795,98,587,18,7,83,31
"NB Singh",2,1,4.32,18.00,18,4,25,1,0,2,0
"ND Doshi",4,2,8.32,39.50,79,10,57,1,0,5,6
"NJ Rimmington",1,0,6.67,NULL,20,3,18,0,0,3,0
"NL McCullum",2,0,7.00,NULL,35,5,30,0,0,1,2
"NLTC Perera",36,37,8.65,27.86,1031,119,715,14,3,113,28
"NM Coulter-Nile",32,45,7.55,21.00,945,125,751,25,7,103,29
"O Thomas",4,5,8.10,17.00,85,11,63,1,2,9,1
"P Amarnath",6,7,10.95,34.43,241,22,132,0,0,29,7
"P Awana",33,43,8.11,24.33,1046,129,774,23,4,107,35
"P Dubey",3,0,9.00,NULL,72,8,48,0,0,5,4
"P Kumar",119,102,7.60,32.76,3342,440,2637,112,1,338,104
"P Negi",42,38,7.81,25.11,954,122,733,17,0,57,47
"P Parameswaran",8,9,8.53,25.11,226,27,159,4,1,23,10
"P Prasanth",1,0,18.00,NULL,18,1,6,0,0,0,3
"P Ray Barman",1,0,14.00,NULL,56,4,24,0,0,3,4
"P Sahu",5,3,8.52,50.67,152,18,107,2,0,11,5
"P Suyal",5,2,8.64,77.00,154,18,107,7,4,16,5
"Pankaj Singh",17,11,9.11,42.91,472,52,311,10,1,52,17
"Parvez Rasool",11,4,8.19,68.25,273,33,200,2,0,22,11
"PC Valthaty",10,7,8.12,29.57,207,26,153,2,0,15,7
"PD Collingwood",6,5,6.73,20.20,101,15,90,1,0,4,3
"PJ Cummins",30,31,8.13,30.61,949,117,700,26,1,90,31
"PJ Sangwan",39,41,8.49,29.29,1201,142,849,41,6,118,43
"PM Sarvesh Kumar",2,1,8.13,42.00,42,5,31,1,0,7,0
"PP Chawla",163,164,7.91,26.40,4330,548,3285,33,2,316,181
"PP Ojha",90,99,7.40,24.23,2399,324,1945,44,2,146,97
"PV Tambe",33,28,7.71,30.93,866,112,674,14,0,64,28
"R Ashwin",151,153,6.77,24.55,3756,555,3327,95,2,226,135
"R Bhatia",91,82,7.44,25.11,2059,277,1661,23,2,120,68
"R Dhawan",25,20,7.66,32.75,655,86,513,22,3,51,16
"R McLaren",18,14,9.00,39.86,558,62,372,15,3,69,11
"R Ninan",2,3,10.83,21.67,65,6,36,0,0,3,5
"R Parag",9,2,9.15,74.00,148,16,97,1,0,9,6
"R Rampaul",12,15,6.79,20.53,308,45,272,8,2,24,13
"R Sathish",14,6,9.71,38.83,233,24,144,5,0,18,10
"R Sharma",44,42,7.06,26.19,1100,156,935,7,0,70,45
"R Shukla",7,7,10.02,31.00,217,22,130,7,3,21,9
"R Tewatia",32,27,6.99,25.33,684,98,587,13,2,29,36
"R Vinay Kumar",104,127,8.32,23.79,3021,363,2179,48,9,296,98
"RA Jadeja",155,122,7.64,28.81,3515,460,2759,44,2,213,148
"RA Shaikh",1,0,11.00,NULL,11,1,6,0,0,2,0
"RA Tripathi",1,0,12.00,NULL,12,1,6,0,0,2,0
"Rashid Khan",62,80,6.33,19.66,1573,248,1490,14,0,107,56
"Rasikh Salam",1,0,9.33,NULL,42,5,27,1,2,3,2
"Ravi Bishnoi",14,14,7.19,27.21,381,53,318,12,0,25,17
"RD Chahar",30,31,7.39,26.06,808,109,656,14,0,53,38
"RE van der Merwe",21,25,6.79,20.60,515,76,455,12,0,25,17
"RG More",2,1,10.22,63.00,63,6,37,2,0,5,1
"RG Sharma",30,16,7.88,28.06,449,57,342,10,0,27,14
"RJ Harris",37,47,7.53,23.09,1085,144,865,32,1,119,27
"RJ Peterson",4,3,8.75,23.33,70,8,48,0,0,5,5
"RN ten Doeschate",10,3,6.80,31.33,94,14,83,5,0,4,3
"RP Singh",82,100,7.74,24.17,2417,312,1874,86,13,254,70
"RR Bhatkal",1,0,17.50,NULL,35,2,12,0,0,2,3
"RR Bose",1,0,12.00,NULL,24,2,12,0,0,5,0
"RR Powar",26,15,7.29,35.87,538,74,443,16,1,41,18
"RR Raje",10,7,8.92,30.57,214,24,144,4,1,23,4
"RS Bopara",14,13,8.48,23.15,301,36,213,7,0,25,10
"RS Gavaskar",1,0,8.00,NULL,8,1,6,0,0,1,0
"RV Gomez",9,6,8.04,21.67,130,16,97,1,0,10,7
"RW Price",1,0,11.00,NULL,33,3,18,0,0,2,2
"S Aravind",38,48,8.05,22.02,1057,131,788,27,1,105,38
"S Badree",12,11,7.51,29.91,329,44,263,5,0,28,14
"S Dhawan",6,4,8.82,18.00,72,8,49,1,0,7,3
"S Dube",7,5,7.55,16.60,83,11,66,2,0,6,2
"S Gopal",44,49,7.84,23.94,1173,150,898,8,1,69,58
"S Kaul",46,55,8.57,26.84,1476,172,1033,23,5,135,54
"S Kaushik",10,6,8.69,50.67,304,35,210,5,1,25,14
"S Ladda",9,5,9.57,45.00,225,24,141,2,1,12,17
"S Lamichhane",9,14,8.45,21.21,297,35,211,1,0,21,17
"S Midhun",1,0,13.38,NULL,29,2,13,1,0,2,2
"S Nadeem",69,53,7.45,33.28,1764,237,1420,25,4,112,70
"S Narwal",6,6,10.78,33.83,203,19,113,7,0,17,13
"S Rana",3,0,6.75,NULL,18,3,16,0,0,2,0
"S Randiv",8,8,7.43,27.88,223,30,180,6,0,20,5
"S Sandeep Warrier",4,2,7.66,60.00,120,16,94,3,1,13,4
"S Sreesanth",44,43,7.74,28.40,1221,158,947,44,23,130,39
"S Sriram",2,0,16.33,NULL,49,3,18,0,0,4,4
"S Tyagi",14,6,8.29,50.67,304,37,220,8,3,34,12
"S Vidyut",1,1,10.15,22.00,22,2,13,1,0,1,2
"SA Abbott",2,0,10.69,NULL,57,5,32,2,0,8,1
"SA Yadav",1,0,8.00,NULL,8,1,6,0,0,1,0
"Sachin Baby",2,3,4.80,2.67,8,2,10,0,0,1,0
"Sandeep Sharma",92,117,7.57,22.96,2686,355,2128,64,7,258,93
"SB Bangar",9,6,8.67,36.83,221,26,153,3,0,24,7
"SB Jakati",57,50,8.03,29.48,1474,184,1101,14,2,97,60
"SB Joshi",4,1,8.95,82.00,82,9,55,0,0,6,5
"SB Styris",11,9,7.51,30.89,278,37,222,6,0,19,14
"SB Wagh",8,5,8.17,29.40,147,18,108,6,0,21,2
"SC Ganguly",20,12,7.93,30.83,370,47,280,3,1,25,14
"SC Kuggeleijn",2,2,8.52,35.50,71,8,50,2,0,6,3
"SD Chitnis",2,2,9.79,31.00,62,6,38,2,0,4,3
"SE Bond",8,9,7.07,25.00,225,32,191,5,0,27,3
"SE Rutherford",6,1,7.83,60.00,60,8,46,5,0,4,1
"Shahbaz Ahmed",2,2,7.30,22.50,45,6,37,1,0,1,2
"Shahid Afridi",10,9,7.69,26.33,237,31,185,4,1,19,7
"Shakib Al Hasan",62,66,7.41,25.39,1676,226,1358,30,0,109,69
"Shivam Mavi",17,16,8.57,30.44,487,57,341,16,1,46,21
"Shivam Sharma",5,4,8.68,41.25,165,19,114,0,0,9,10
"Shoaib Ahmed",7,5,8.97,30.80,154,17,103,1,0,14,7
"Shoaib Akhtar",3,5,7.04,10.80,54,8,46,4,0,6,2
"Shoaib Malik",5,2,9.00,43.50,87,10,58,6,1,7,3
"SJ Srivastava",14,15,8.71,29.60,444,51,306,23,1,50,13
"SK Raina",69,30,7.35,37.97,1139,155,930,22,0,71,44
"SK Trivedi",75,73,7.49,26.63,1944,260,1557,42,9,154,51
"SK Warne",54,60,7.19,24.42,1465,204,1223,29,0,91,56
"SL Malinga",122,188,7.03,18.54,3486,496,2974,128,18,314,86
"SM Boland",2,3,7.81,18.67,56,7,43,1,0,6,1
"SM Curran",22,25,8.56,26.92,673,79,472,19,3,67,20
"SM Harwood",3,3,6.63,24.67,74,11,67,7,0,6,2
"SM Pollock",13,13,6.58,23.62,307,47,280,4,0,30,9
"SMSM Senanayake",8,9,6.49,23.44,211,33,195,3,0,17,5
"SN Khan",1,0,18.00,NULL,6,0,2,0,0,1,0
"SN Thakur",44,50,8.59,27.10,1355,158,947,44,2,131,50
"Sohail Tanvir",11,24,6.23,11.46,275,44,265,17,1,27,7
"SP Narine",119,143,6.82,22.43,3208,471,2824,37,2,234,107
"SPD Smith",1,0,15.00,NULL,5,0,2,0,0,1,0
"SR Tendulkar",4,0,9.57,NULL,59,6,37,1,0,6,1
"SR Watson",105,107,7.70,25.63,2742,356,2137,95,12,293,74
"SS Agarwal",1,1,10.50,42.00,42,4,24,0,0,3,3
"SS Cottrell",6,6,8.11,29.50,177,22,131,11,0,19,8
"SS Mundhe",1,1,5.14,6.00,6,1,7,1,0,1,0
"SS Sarkar",2,1,8.16,34.00,34,4,25,0,0,4,0
"ST Jayasuriya",21,16,7.89,24.75,396,50,301,7,0,22,16
"STR Binny",63,28,7.49,27.25,763,102,611,16,1,76,14
"Sunny Gupta",1,0,14.84,NULL,47,3,19,1,0,4,3
"SW Tait",21,26,7.51,25.69,668,89,534,52,9,71,12
"Swapnil Singh",5,1,8.85,90.00,90,10,61,1,0,1,6
"T Henderson",2,1,6.83,41.00,41,6,36,0,0,5,0
"T Natarajan",22,21,8.10,30.29,636,79,471,17,1,53,24
"T Shamsi",4,3,9.44,50.33,151,16,96,0,0,13,7
"T Thushara",6,10,6.83,16.40,164,24,144,7,2,15,4
"TA Boult",48,67,8.32,23.84,1597,192,1152,42,1,190,48
"Tejas Baroka",1,0,9.43,NULL,33,4,21,0,0,2,2
"TG Southee",40,34,8.47,38.71,1316,155,932,41,3,135,42
"TK Curran",10,9,10.93,36.44,328,30,180,7,3,24,19
"TL Suman",11,7,7.82,28.29,198,25,152,0,2,8,10
"TM Dilshan",25,5,8.03,73.60,368,46,275,4,0,27,15
"TM Head",5,3,10.13,27.00,81,8,48,0,0,3,5
"TP Sudhindra",3,1,11.11,137.00,137,12,74,3,1,9,9
"TS Mills",5,5,8.49,31.40,157,19,111,4,0,15,6
"TU Deshpande",5,3,10.53,64.33,193,18,110,7,1,22,7
"Umar Gul",6,14,7.76,14.14,198,26,153,12,6,17,5
"UT Yadav",120,137,8.34,26.80,3672,440,2642,101,18,393,116
"V Kohli",26,5,8.43,74.20,371,44,264,7,6,25,11
"V Pratap Singh",9,12,8.53,25.00,300,35,211,7,0,31,10
"V Sehwag",15,6,10.26,39.33,236,23,138,1,1,19,16
"V Shankar",15,7,7.81,32.71,229,29,176,9,4,20,7
"VR Aaron",48,44,8.57,33.50,1474,172,1032,59,8,152,51
"VRV Singh",18,16,8.88,34.31,549,62,371,7,4,58,16
"VS Malik",13,6,7.58,44.67,268,35,212,5,2,30,6
"VS Yeligati",2,0,11.44,NULL,61,5,32,2,0,7,2
"VY Mahesh",17,22,8.54,23.23,511,60,359,13,7,47,20
"WA Mota",7,4,7.84,24.50,98,13,75,2,1,4,5
"Washington Sundar",35,26,6.89,29.15,758,110,660,5,1,46,32
"WD Parnell",26,31,7.30,23.58,731,100,601,24,5,80,11
"WPUJC Vaas",13,22,7.58,16.55,364,48,288,4,2,40,13
"Y Gnaneswara Rao",1,0,7.00,NULL,7,1,6,0,0,1,0
"Y Nagar",8,4,10.42,31.25,125,12,72,2,4,11,6
"Y Prithvi Raj",2,1,10.36,57.00,57,6,33,3,0,6,2
"Y Venugopal Rao",20,7,9.14,48.29,338,37,222,6,0,30,13
"YA Abdulla",11,15,8.41,20.73,311,37,222,12,1,32,13
"YK Pathan",82,46,7.31,31.37,1443,197,1184,37,0,99,57
"YS Chahal",98,124,7.63,22.44,2782,365,2188,50,8,158,135
"Yuvraj Singh",73,39,7.42,27.97,1091,147,882,12,1,59,41
"Z Khan",99,119,7.54,24.03,2860,379,2276,74,2,312,64
